gcc_name,gcc_code,Arabic,Chinese,Vietnamese,Italian,Greek,Filipino,Hindi,Spanish,Punjabi,English,English_only_per
Greater Sydney,1GSYD,194040,384639,99333,62642,76140,21442,64043,56826,28516,2807380,0.5732541953484687
Greater Melbourne,2GMEL,76317,279923,101340,101341,107136,15718,49386,33661,52780,2759529,0.6099681834036463
Greater Brisbane,3GBRI,9868,76284,22562,10062,7547,5886,14535,14757,12993,1759436,0.7709976884565244
Greater Adelaide,4GADE,9072,39112,18541,27466,21372,3098,7058,5387,8499,968129,0.7480809797936869
Greater Darwin,7GDAR,279,3159,1026,655,3169,1703,652,392,477,100220,0.6587137270367084
