{"Greater Sydney":{"gcc_code":"1GSYD","Arabic":194040,"Chinese":384639,"Vietnamese":99333,"Italian":62642,"Greek":76140,"Filipino":21442,"Hindi":64043,"Spanish":56826,"Punjabi":28516,"English":2807380,"English_only_per":0.5732541953},"Greater Melbourne":{"gcc_code":"2GMEL","Arabic":76317,"Chinese":279923,"Vietnamese":101340,"Italian":101341,"Greek":107136,"Filipino":15718,"Hindi":49386,"Spanish":33661,"Punjabi":52780,"English":2759529,"English_only_per":0.6099681834},"Greater Brisbane":{"gcc_code":"3GBRI","Arabic":9868,"Chinese":76284,"Vietnamese":22562,"Italian":10062,"Greek":7547,"Filipino":5886,"Hindi":14535,"Spanish":14757,"Punjabi":12993,"English":1759436,"English_only_per":0.7709976885},"Greater Adelaide":{"gcc_code":"4GADE","Arabic":9072,"Chinese":39112,"Vietnamese":18541,"Italian":27466,"Greek":21372,"Filipino":3098,"Hindi":7058,"Spanish":5387,"Punjabi":8499,"English":968129,"English_only_per":0.7480809798},"Greater Darwin":{"gcc_code":"7GDAR","Arabic":279,"Chinese":3159,"Vietnamese":1026,"Italian":655,"Greek":3169,"Filipino":1703,"Hindi":652,"Spanish":392,"Punjabi":477,"English":100220,"English_only_per":0.658713727}}